﻿username,name,sede,puerta
baja.california,baja.california,a,b
baja.california.sur,baja.california.sur,a,b
bajio,bajio,a,b
centro.occidente,centro.occidente,a,b
centro.oriente,centro.oriente,a,b
centro.sur,centro.sur,a,b
corporativo,corporativo,a,b
gyt.central,gyt.central,a,b
golfo.centro,golfo.centro,a,b
golfo.norte,golfo.norte,a,b
jalisco.nayarit,jalisco.nayarit,a,b
noroeste,noroeste,a,b
sinaloa,sinaloa,a,b
sonora,sonora,a,b
norte,norte,a,b
oriente,oriente,a,b
peninsular,peninsular,a,b
sureste,sureste,a,b
vmc,vmc,a,b
vmn,vmn,a,b
vms,vms,a,b
