﻿username,name,sede,puerta
9B7HA,VÍCTOR ARTURO MANRÍQUEZ OCAÑO,01 BAJA CALIFORNIA,General
9M6WE,FERNANDO SCHLEMMER PERALTA,01 BAJA CALIFORNIA,General
9B7G1,DAVID ZAZUETA VELIZ,01 BAJA CALIFORNIA,General
9CM0A,ENRIQUE HAGE RIVERA,01 BAJA CALIFORNIA,General
9EPL0,RAMON ESPINOZA GARCÍA,01 BAJA CALIFORNIA,General
9CT05,PORFIRIO ELEUTERIO GUTIERREZ GONZALEZ,01 BAJA CALIFORNIA,General
9B7LJ,JESÚS DANIEL CORZA RIZO,01 BAJA CALIFORNIA,General
9M6MM,JUAN DIEGO CUEVA ORTEGA,01 BAJA CALIFORNIA,General
9EKJH,MINERVA ZEPEDA TORRES,01 BAJA CALIFORNIA,General
9CX05,JORGE LUIS CROSTHWAITE SALAZAR,01 BAJA CALIFORNIA,General
9MAVB,BRAULIO FRANCISCO MONTES OCHOA,01 BAJA CALIFORNIA,General
9MB22,GIUSEPPE RAFAEL GIL SANCHEZ,01 BAJA CALIFORNIA,General
9EEK7,ADRIÁN VALDES CARMONA,01 BAJA CALIFORNIA,General
9B010,ARTURO MARTÍNEZ SOLÍS,01 BAJA CALIFORNIA,General
9B801,ERICKA MEZA PALACIOS,01 BAJA CALIFORNIA,General
9A1TK,SERGIO ZENIZO ISLAS,01 BAJA CALIFORNIA,General
9AYYN,ELVIRA TORALES VILLALON,01 BAJA CALIFORNIA,General
9JG7M,ANNIA DENIVE ROCHA CISNEROS,01 BAJA CALIFORNIA,General
9AMAG,MARTIN NETZAHUALCÓYOTL MUÑOZ LOMELÍ,01 BAJA CALIFORNIA,General
9B7VT,LUIS ARMANDO ALVELAIZ DUARTE,01 BAJA CALIFORNIA,General
9M6PB,JUAN ANTONIO GARCIA BARRAGAN,01 BAJA CALIFORNIA,General
9GT77,ISAÍAS ALCANTAR CANO,01 BAJA CALIFORNIA,General
9GP54,LAURA ALICIA SOTO GARCÍA,01 BAJA CALIFORNIA,General
9HFJT,HUGO ACEVEDO LEDEZMA,01 BAJA CALIFORNIA,General
9AYXT,ENRIQUE ARMENTA VILLEGAS,02 BAJA CALIFORNIA SUR,General
9CR0G,RAMON GABRIEL COTA TALAMANTES,02 BAJA CALIFORNIA SUR,General
9MAMU,ERICK ALEJANDRO COSIO CASTRO,02 BAJA CALIFORNIA SUR,General
9AUVE,MIGUEL ÁNGEL RODRÍGUEZ GUERRERO,02 BAJA CALIFORNIA SUR,General
9B00J,LUIS FERNANDO ZAMORA MORALES,02 BAJA CALIFORNIA SUR,General
9MATK,JUAN ANTONIO GONZALEZ SOLÍS,02 BAJA CALIFORNIA SUR,General
9EKB0,SANTIAGO HIGUERA TORRES,02 BAJA CALIFORNIA SUR,General
9B7MX,JESÚS BALDOMERO REZA OLACHEA ,02 BAJA CALIFORNIA SUR,General
9MXCK,YAMILE TREJO RUIZ ,02 BAJA CALIFORNIA SUR,General
9EPAE,HIRAM JUÁREZ CORIA,02 BAJA CALIFORNIA SUR,General
9EEUL,FRANCISCO JAVIER OJEDA GARCÍA,02 BAJA CALIFORNIA SUR,General
9EPBW,JOSÉ LUIS ROSAS GARCÍA,02 BAJA CALIFORNIA SUR,General
9AC8D,JORGE OSWALDO CRUZ ARIAS,02 BAJA CALIFORNIA SUR,General
9L0VT,JESÚS ALONSO CASTILLO PAYAN,03 SONORA,General
9L16X,PABLO MIGUEL CABRERA SERRANO,03 SONORA,General
9JL7T,ANABELL ZAVALA PORTILLO,03 SONORA,General
77768,LUIS MORALES SERNA,03 SONORA,General
9EL4C,LUIS JAVIER MORALES RODRÍGUEZ,03 SONORA,General
9EL2T,JUAN JOSE IBARRA CORONEL,03 SONORA,General
9AUBN,JULIO ALFONSO ARMENTA QUINTEROS,03 SONORA,General
9EA6E,MANUEL LEONARDO RASCÓN SAAVEDRA,03 SONORA,General
9JL9X,LUIS ORLANDO VALENZUELA MOLINA,03 SONORA,General
9EA8Y,RAMON ALFREDO REYES CLARK,03 SONORA,General
9JKY2,JULIO CESAR VIZCARRA ENRÍQUEZ,03 SONORA,General
9AU28,GABRIEL TRASVIÑA PALOMARES ,03 SONORA,General
9EA9E,FRANCISCO ESQUER RIVERA,03 SONORA,General
9B41E,JUAN CARLOS VILLANUEVA DUARTE,03 SONORA,General
9NCE6,STEPHANY CASTAÑON ROBLES,03 SONORA,General
9AU2E,MANUEL ARMANDO VÁZQUEZ MORALES,03 SONORA,General
9EA5E,JOSE JESÚS SANCHEZ ARVIZU,03 SONORA,General
9JL5F,ARAIANA ANGELICA ACOSTA HIGUERA,03 SONORA,General
9EA5M,ABELARDO DUARTE TADDEI,03 SONORA,General
9EMAX,ARMANDO POMPA ZEPEDA,03 SONORA,General
9L0WX,HECTOR ADRIAN CORDOVA GARCIA,03 SONORA,General
9B3XM,LUIS MANUEL CORONADO ROBLES,03 SONORA,General
9B3YT,JESÚS ANTONIO CÓRDOVA GÓMEZ,03 SONORA,General
9EKPF,ARIEL FRANCISCO MENDOZA BORBON,03 SONORA,General
30083,JOSE JAVIER SANCHEZ HERRERA,03 SONORA,General
9EL20,LUIS ALBERTO GODOY GONZALEZ,04 SINALOA,General
9B45M,VÍCTOR MANUEL VARGAZ BERUMEN,04 SINALOA,General
9JLB8,GILDARDO TAPIA ACOSTA,04 SINALOA,General
9AUAG,JOSE GUADALUPE VERDUGO CASTILLO,04 SINALOA,General
9AU80,MIGUEL ÁNGEL VERDUGO CASTILLO,04 SINALOA,General
9EMAW,PAUL GERARDO BERNAL GARCIA,04 SINALOA,General
9AUDJ,GUSTAVO ALONSO ESCOBEDO ESCOBAR,04 SINALOA,General
9CK0H,RAÚL ALFONSO GÓMEZ TOVALIN,04 SINALOA,General
9MF1E,IRLANDA MARIA OSUNA GASTELUM,04 SINALOA,General
9EA58,SERGIO BÁEZ LUGO,04 SINALOA,General
9L19E,JOSE ALBERTO CLEMENTE SOTO,04 SINALOA,General
9MF2H,ALAN GIOVANI CAMACHO PEÑUELAS ,04 SINALOA,General
9MP8W,CRISTIAN MANUEL GARCÍA ORDUÑO,05 PLANTAS NOROESTE,General
9MPC0,ARODI NAHUM VALDEZ SOTO,05 PLANTAS NOROESTE,General
9AUEM,PEDRO ARTURO COTA RAMIREZ,05 PLANTAS NOROESTE,General
9CW0L,AARON HERNÁN ÁVILA JARAMILLO,05 PLANTAS NOROESTE,General
9EPTY,JOSE ALBERTO RODRÍGUEZ HERRERA,05 PLANTAS NOROESTE,General
9JJT2,OSCAR ARMENTA GURROLA,05 PLANTAS NOROESTE,General
9AGL2,JESÚS MEZA VALENCIA,05 PLANTAS NOROESTE,General
9AULF,EDUARDO GUADALUPE MORALES CRUZ,05 PLANTAS NOROESTE,General
9CY08,JOEL ROJAS PALAFOX,05 PLANTAS NOROESTE,General
9B3RM,LÁZARO GILBERTO HERNÁNDEZ RENTERÍA,05 PLANTAS NOROESTE,General
9EPJN,RENE LAMBERTO ESCARREGA FIGUEROA,05 PLANTAS NOROESTE,General
9EPTJ,ABEL ADRIAN QUINTANA OCHOA,05 PLANTAS NOROESTE,General
9AUX7,ENRIQUE VILLA ICEA,05 PLANTAS NOROESTE,General
9CV0K,LUIS ÁLVARO ORTEGA ÁLVAREZ,05 PLANTAS NOROESTE,General
9MB0N,ADRIAN LEON NUÑEZ,05 PLANTAS NOROESTE,General
9AUXA,ISAAC BECERRA ARELLANO,05 PLANTAS NOROESTE,General
9MB0A,JULIO CESAR VÁZQUEZ DELLA ROCCA,05 PLANTAS NOROESTE,General
9B84F,JESÚS CANO MIER,06 NORTE,General
9L6EY,JUAN PEDRO SANCHEZ ESTRADA,06 NORTE,General
9L6BY,OMAR CHAVEZ SOTO,06 NORTE,General
9B89X,CARLOS MIGUEL NÚÑEZ GARCÍA,06 NORTE,General
9L697,JESÚS TORRES PACHECO,06 NORTE,General
9M9W7,EDUARDO RODRIGUEZ PICHARRA,06 NORTE,General
9AT8G,NÉSTOR ELÍAS HERRERA MORENO,06 NORTE,General
9L67J,HEBERTO CHÁVEZ MORENO,06 NORTE,General
9M9WD,IVAN ALEJANDRO LUJAN SAENZ,06 NORTE,General
9ERWA,FEDERICO CASTRO QUINTANA,06 NORTE,General
9ERVV,MARIO IVÁN SÁENZ MORENO,06 NORTE,General
9ERM3,VICTOR CASTRO PRIETO,06 NORTE,General
80986,JUAN MANUEL SANCHEZ RAMOS,06 NORTE,General
9APC9,CARLOS MARCELO RAMOS ALDANA,06 NORTE,General
9JFUH,CLAUDIA IVETH RIOS LIRA,06 NORTE,General
9AAJ4,HÉCTOR ARTURO MARTELL ROSAS,06 NORTE,General
9EHCR,JOSE LOPEZ CERROS,06 NORTE,General
9EHH7,JOSE MARIO CORDERO SALAZAR,06 NORTE,General
79380,PEDRO SORIA GÓMEZ,06 NORTE,General
9B86J,JUAN RAMON CORO DELGADO,06 NORTE,General
9MWVF,RAUL OMAR MARTINEZ MUÑIZ,06 NORTE,General
9BA5J,JESÚS GUILLERMO DURAN MARTÍNEZ,06 NORTE,General
9B8CA,OSCAR VILLALBA TREVIZO,06 NORTE,General
9JFCW,OBED JOSAFAT AVILA MENDOZA,06 NORTE,General
9AAX8,ERNESTO HERNÁNDEZ GUEVARA,06 NORTE,General
9AT5X,GERMAN DURAN CHÁVEZ,06 NORTE,General
9B0W6,GUILLERMO ALVIDREZ FLORES,06 NORTE,General
9ARV1,AGUSTÍN MARTÍNEZ FONSECA,06 NORTE,General
9B85B,MÓNICA CRISTINA ACEVEDO JARDON,06 NORTE,General
9M9TR,JOSE LUIS GUTIERREZ CASTLLO,06 NORTE,General
9B8HA,MARCOS ARTURO MORENO SALAZAR,06 NORTE,General
9L69X,DANIEL AURELIO DUQUE GALINDO,06 NORTE,General
9JFW1,GERARDO ULISES TORRES VALADEZ,06 NORTE,General
9B9YN,KAMARALZAMAN SANCHEZ LOPEZ,06 NORTE,General
9ERPX,DAVID VEGA RAMÍREZ,06 NORTE,General
9N33A,ERNESTO ESCUDERO GONZALEZ,06 NORTE,General
9BA52,FRANCISCO AVILÉS ARCINIEGA,06 NORTE,General
9ERKU,ARTURO SIGALA GARCÍA,06 NORTE,General
9B9WG,GABRIEL SIGALA GARCIA,06 NORTE,General
9B3JC,OCTAVIO ALFONSO MANJARREZ ROBLES,06 NORTE,General
9ERH5,JOSE LUIS CALZADA CARMONA,06 NORTE,General
9MEBY,MARIO RAMON HERNÁNDEZ FRÍAS,06 NORTE,General
9AAMJ,ERNESTO SANDOVAL RODRÍGUEZ,06 NORTE,General
9AB14,JAIME IBARRA MEDINA,06 NORTE,General
9B3HW,LUIS MARTÍNEZ CABRAL,06 NORTE,General
86225,GRACIELA HERNÁNDEZ GUEVARA,06 NORTE,General
2976,JORGE ANTONIO ESTRADA NORIEGA,07 GOLFO NORTE,General
2067,CARLOS ENRIQUE ESTRADA NORIEGA,07 GOLFO NORTE,General
3168,FRANCISCO JAVIER LARA PEREZ,07 GOLFO NORTE,General
54771,DANIEL PEÑA TREVIÑO,07 GOLFO NORTE,General
9EKUR,FERNANDO MEDINA PEÑA,07 GOLFO NORTE,General
9M1N9,ANTONIO REYNA SAUCEDO,07 GOLFO NORTE,General
9B6LA,LUIS FELIPE JUÁREZ RAMÍREZ,07 GOLFO NORTE,General
9EF4U,LUIS GERARDO OVALLE MEDRANO,07 GOLFO NORTE,General
9MDT9,FABIAN ALEJANDRO MALACARA ESCALANTE,07 GOLFO NORTE,General
9B6KN,JUAN MANUEL MENDOZA MARTÍNEZ,07 GOLFO NORTE,General
9JRR6,ABDIEL MANCHA LOZANO,07 GOLFO NORTE,General
9M1L8,MARTIN ONESIMO OLIVAS LOPEZ,07 GOLFO NORTE,General
9EVXG,ERNESTO JAVIER BARRERA LIRA,07 GOLFO NORTE,General
9AY4P,MARCOS LIMHI PULIDO MARTÍNEZ,07 GOLFO NORTE,General
9MCM4,PABLO RODRIGO SALAZAR ESTRADA,07 GOLFO NORTE,General
9B6GL,HUGO HONORATO FOURCAMS GUADALAJARA,07 GOLFO NORTE,General
9B6NV,JUAN ALFONSO VILLA CEPEDA,07 GOLFO NORTE,General
9AY65,JESUS DIEGO RUIZ DE LUNA,07 GOLFO NORTE,General
9EVM9,OSCAR MANUEL CÁRDENAS FACUNDO,07 GOLFO NORTE,General
9EVMT,NOE ALEJANDRO SALINAS SALINAS,07 GOLFO NORTE,General
9B6EN,REYNOL GONZALEZ CAMPOS,07 GOLFO NORTE,General
9B3GN,MIGUEL ALBERTO CARVAJAL PEÑA,07 GOLFO NORTE,General
9M1LK,JOSE ALONSO REYES ZAPATA,07 GOLFO NORTE,General
9B6TA,CARLOS AMBROSIO GONZALEZ MOLINA,07 GOLFO NORTE,General
9AFNV,JOSE LUIS LUNA CABRAL,07 GOLFO NORTE,General
9BAVX,JUAN PABLO FLORES DE LA CRUZ,07 GOLFO NORTE,General
9JRRF,GLORIA MARGARITA ZAMORA FLORES,07 GOLFO NORTE,General
9AFR0,JUAN CARLOS BARRERA RICO,07 GOLFO NORTE,General
9B6D2,ALFONSO CANO REGALADO,07 GOLFO NORTE,General
9JRJU,ROEL CHAPA RODRIGUEZ,07 GOLFO NORTE,General
9ERTB,RICARDO LUNA VARGAS,07 GOLFO NORTE,General
9ERUU,LINO MELBIN MACIAS MARTÍNEZ,07 GOLFO NORTE,General
9ERTE,ALONSO LOPEZ MORALES,07 GOLFO NORTE,General
9EVJY,MIGUEL ÁNGEL RODRÍGUEZ AGUIRRE,07 GOLFO NORTE,General
9JRY0,MARIO ALBERTO HERNÁNDEZ MENDOZA,07 GOLFO NORTE,General
9B6R3,ARNULFO FABIAN RIOS GONZALEZ,07 GOLFO NORTE,General
9AXWR,LEMUEL ALLLAEN LEIJA TREVIÑO,07 GOLFO NORTE,General
9EF45,JOSE AMADO PECERO HERNÁNDEZ,07 GOLFO NORTE,General
9EFBW,ISIDRO CRUZ MORELOS,07 GOLFO NORTE,General
9BA61,DIANA FABIOLA ROJO SANCHEZ,07 GOLFO NORTE,General
9B3L5,RICARDO BERLANGA CORONADO,07 GOLFO NORTE,General
9B9YR,ALEJANDRO GARZA SANCHEZ,07 GOLFO NORTE,General
9B6PC,EDGAR GERARDO LOPEZ CUELLAR,07 GOLFO NORTE,General
9M1FX,FRANCISCO CANFIELD LEMUS,07 GOLFO NORTE,General
9JRU1,JUAN TADEO ORTIZ ZAMARRON,07 GOLFO NORTE,General
9EF3H,ROMEO ALONSO ARIZPE GARCIA,07 GOLFO NORTE,General
9B6NA,JOSE MANUEL GONZALEZ JAIMES,07 GOLFO NORTE,General
9N0C3,EDY CABALLERO POMPA,07 GOLFO NORTE,General
9B1MF,LUIS GILBERTO RODRÍGUEZ GARZA,07 GOLFO NORTE,General
9B1NW,JORGE EDUARDO FERNANDEZ SOTO,07 GOLFO NORTE,General
9B1WW,BENJAMIN ARMENDARIZ PEREZ,07 GOLFO NORTE,General
9EVNG,JORGE ALEJANDRO ESPINOSA AYALA,07 GOLFO NORTE,General
9EFA2,RUT BETSABÉ BENAVIDES ACOSTA,07 GOLFO NORTE,General
9JRX9,PATSSY KENNYA SANTANA GARCIA,07 GOLFO NORTE,General
9B9RY,PEDRO MALDONADO GONZALEZ,07 GOLFO NORTE,General
9ERX8,OSCAR OZIEL MALDONADO MARTÍNEZ,07 GOLFO NORTE,General
9ERNR,ALLAN EFREN GONZALEZ ESCOBEDO,07 GOLFO NORTE,General
9EF5H,JOSE JULIÁN GONZALEZ VILLARREAL,07 GOLFO NORTE,General
9BAU5,LEONARDO ALVARADO CAMPOS,07 GOLFO NORTE,General
9JRV8,IVONNE SARAHI GUERRA VAZQUEZ,07 GOLFO NORTE,General
9AP9W,EULALIO GUTIÉRREZ GARCÍA,07 GOLFO NORTE,General
9B349,ALFREDO GARCÍA RICO,07 GOLFO NORTE,General
9B3EK,SANTIAGO AGUIRRE MARTINEZ,07 GOLFO NORTE,General
9A5M1,JAVIER CABALLERO GAONA,07 GOLFO NORTE,General
9B37U,MARIO ALEJANDRO RODRÍGUEZ GAYTÁN,07 GOLFO NORTE,General
9L8U3,JESUS EMMANUEL CEPEDA MARTINEZ,07 GOLFO NORTE,General
57514,JOSE GUADALUPE PEÑA TREVIÑO,07 GOLFO NORTE,General
9EKUD,JOSE RAMON CÁRDENAS MORALES,07 GOLFO NORTE,General
9MCNJ,JUAN ABRAHAM MATA CRUZ,07 GOLFO NORTE,General
255520,MARTHA MAYELA ZÚÑIGA DIAZ,07 GOLFO NORTE,General
256556,MARÍA ISABEL JIMÉNEZ LEAL,07 GOLFO NORTE,General
805571,ZENIA VERONICA DAVILA SALAS,07 GOLFO NORTE,General
9B9U5,EDITH GUADALUPE RAMÍREZ RAMÍREZ,07 GOLFO NORTE,General
9L45J,IRAM GONZALEZ PORTILLO,08 JALISCO NAYARIT,General
9N2F9,EVA YOLANDA MANJARREZ PARRA,08 JALISCO NAYARIT,General
9MBPU,LAURA RAMIREZ GONZALEZ,08 JALISCO NAYARIT,General
97496,JOSE ANTONIO VILLARREAL SALAZAR,08 JALISCO NAYARIT,General
9GK1E,ROSALÍA FIGUEROA REYNA,08 JALISCO NAYARIT,General
9MA8Y,ELVIA PATRICIA CALDERA HERNANDEZ,08 JALISCO NAYARIT,General
27334,JULIO CESAR MEDINA RODRÍGUEZ,08 JALISCO NAYARIT,General
9GGWH,CARLOS IVÁN MORA LOPEZ,08 JALISCO NAYARIT,General
9N0Y0,SHAKTI PÉREZ PEÑA,08 JALISCO NAYARIT,General
27326,MARTIN RAMIRO SANTANA FLORES,08 JALISCO NAYARIT,General
9JJHK,ISAAC MIGUEL CERVANTES CHÁVEZ,08 JALISCO NAYARIT,General
9N171,ANA MAYRA JARAMILLO MARTINEZ,08 JALISCO NAYARIT,General
9CE0D,DIEGO ARMANDO ZAVALA GARÍN,08 JALISCO NAYARIT,General
9FYTL,ALFREDO RAMÍREZ PADILLA,08 JALISCO NAYARIT,General
9CE0C,CLAUDIA CAROLINA HARO GARIBAY,08 JALISCO NAYARIT,General
9ECGK,EMMANUEL ORNELAS MARTÍNEZ,08 JALISCO NAYARIT,General
9JLF9,MARIO CERVERA SIGALA,08 JALISCO NAYARIT,General
9AVT7,ANGEL TEJADA COTERO,08 JALISCO NAYARIT,General
9MRAH,HORACIO BARAJAS BARAJAS,08 JALISCO NAYARIT,General
9GCRB,JONATHAN GUTIERREZ OCEGUEDA,08 JALISCO NAYARIT,General
9NWT5,ALEJANDRO EMMANUEL RAMOS RAMIREZ,08 JALISCO NAYARIT,General
9B68A,VÍCTOR DOMINGO TEPOSTE ORNELAS,08 JALISCO NAYARIT,General
9B681,CESAR FABIAN PUGA HERNÁNDEZ,08 JALISCO NAYARIT,General
9JJH7,EVERARDO PALOMINO RUVALCABA,08 JALISCO NAYARIT,General
9EFL2,OSCAR ESTRADA ESTRADA,08 JALISCO NAYARIT,General
9GGWX,RICARDO NÚÑEZ VÁZQUEZ,08 JALISCO NAYARIT,General
9MAAL,MANUEL GARCIA ALEJANDRE,08 JALISCO NAYARIT,General
98368,EDUARDO VILLALVAZO SANDOVAL,08 JALISCO NAYARIT,General
9EFLA,JUAN DIEGO VILLALVAZO CUEVAS,08 JALISCO NAYARIT,General
9M2J7,MAYRA CHAVEZ VILLALVAZO,08 JALISCO NAYARIT,General
9GHXA,MIGUEL ÁNGEL MUÑOZ ACEVES,08 JALISCO NAYARIT,General
9JJLR,PEDRO JAVIER GARCÍA ARIAS,08 JALISCO NAYARIT,General
9MR85,ADALBERTO MIGUEL LOPEZ FLORES,08 JALISCO NAYARIT,General
9C306,CESAR JOYA MONTAÑO,08 JALISCO NAYARIT,General
9MAFH,ALBERTO RIVERA VELÁZQUEZ,08 JALISCO NAYARIT,General
9C00Y,JUAN PABLO LOPEZ GIL,08 JALISCO NAYARIT,General
9AJ0X,CARLOS ALBERTO GÓMEZ DOMÍNGUEZ,08 JALISCO NAYARIT,General
9MA4Y,J. DE JESÚS LUNA RODRÍGUEZ,08 JALISCO NAYARIT,General
9GANX,JOSE MIGUEL GONZALEZ CASILLAS,08 JALISCO NAYARIT,General
9AHD3,JOSE LUCAS VALLARTA TREJO,08 JALISCO NAYARIT,General
9AH6D,JUAN ALBERTO PINEDA FLORES,08 JALISCO NAYARIT,General
9MBX8,JOSE LUIS ROSAS FIGUEROA,08 JALISCO NAYARIT,General
9MR5G,ANTONIO VILLARREAL CHAIRES,08 JALISCO NAYARIT,General
9MA48,MOISÉS RAÚL MARTÍNEZ GÓMEZ,08 JALISCO NAYARIT,General
9N15K,DENISSE ALEJANDRA ALONSO SEDANO,08 JALISCO NAYARIT,General
9BBX8,PEDRO ANTONIO OLIDEN ALVARADO,08 JALISCO NAYARIT,General
97922,RAFAEL OSUEL OLIDEN ALVARADO,08 JALISCO NAYARIT,General
9MAF4,SALVADOR ALEJANDRO RAMOS GUTIERREZ,08 JALISCO NAYARIT,General
9EFD1,JOSE DE JESÚS PLASCENCIA RÍOS,08 JALISCO NAYARIT,General
9FTML,JOSE MARTIN GARCÍA NAVARRO,08 JALISCO NAYARIT,General
9CB0V,JESUS ALEJANDRO ESPINOZA CHAVEZ,08 JALISCO NAYARIT,General
9ECGF,JAVIER CÓRDOVA COVARRUBIAS,08 JALISCO NAYARIT,General
9M2DH,NAYAMIN ESTHER ACEVES ORTEGA,08 JALISCO NAYARIT,General
9ECTE,CARLOS ALBERTO DECENA JIMÉNEZ,08 JALISCO NAYARIT,General
9L48K,JOSE DE JESÚS CHÁVEZ IBARRA,08 JALISCO NAYARIT,General
9AVRF,ALEJANDRO DIAZ DE LEÓN RAMÍREZ,09 BAJÍO,General
9EPWK,EDUARDO GALVÁN REYES,09 BAJÍO,General
9AHDJ,JOSE EPIFANIO CAMPOS GLADIN,09 BAJÍO,General
9B6Y9,MARIO CALDERILLO ROSALES,09 BAJÍO,General
9M3AA,FRANCISCO ISRAEL MALDONADO SALMERÓN,09 BAJÍO,General
9L1PT,DIANA SUJEY RAMIREZ SUAREZ,09 BAJÍO,General
9ER2V,CARLOS ALBERTO ZARAGOZA MADERA,09 BAJÍO,General
9B79D,CLAUDIA IVONNE MOSQUEDA ZARAGOZA,09 BAJÍO,General
9MTD8,CARMEN  IVONNE ORTIZ CHAVEZ,09 BAJÍO,General
9L1EJ,EFRAÍN GUZMÁN LOPEZ,09 BAJÍO,General
9B71G,FRANCISCO IVÁN ÁVILA BONILLA,09 BAJÍO,General
9M90J,ARACELI MEZA PRECIADO ,09 BAJÍO,General
90379,SAUL HERNÁNDEZ VIDAL,09 BAJÍO,General
9ETDL,AURELIO ORENDAY URIBE,09 BAJÍO,General
9ETL3,PEDRO DAMIAN RINCON MOSQUEDA ,09 BAJÍO,General
9B7AL,JOSE LUIS RAMÍREZ SANGRADOR,09 BAJÍO,General
9ERAL,GUILLERMO SIERRA RODRÍGUEZ,09 BAJÍO,General
9M36F,CHRISTIAN CATALINA GUTIERREZ GUERRA,09 BAJÍO,General
9AFBE,BRAULIO ZÚÑIGA DE LA CRUZ,09 BAJÍO,General
9JLME,ROBERTO MUÑOZ SANTIBÁÑEZ,09 BAJÍO,General
9B76U,OSCAR ESAU MATA GARCIA,09 BAJÍO,General
9B766,JUAN GABRIEL VILLAFAÑA COVARRUBIAS,09 BAJÍO,General
9EP61,DIEGO ARMANDO RAMÍREZ TORRES,09 BAJÍO,General
9M34E,TERESITA ARIADNA VILLAFAÑA COVARRUBIAS,09 BAJÍO,General
9B72M,ARTURO GUÍA CHAGOLLA,09 BAJÍO,General
9EBVJ,JUAN GUILLERMO MERINO MORTEO,09 BAJÍO,General
9MT2N,ELIEZER JUAREZ PEREZ,09 BAJÍO,General
9AXJL,PEDRO TORRES BARRÓN,09 BAJÍO,General
9L1N9,CARLOS ALBERTO CRUZ MORALES,09 BAJÍO,General
9ER1E,ISRAEL JURADO PEREZ,09 BAJÍO,General
9EBYP,ISIDRO MOTA JUÁREZ,09 BAJÍO,General
9AVXY,OMAR JIMÉNEZ JAIME,09 BAJÍO,General
9L1HN,JOSE ALBERTO HERNANDEZ GONZALEZ,09 BAJÍO,General
9ECAH,ADRIANA MALITZIN ACEVES GUTIÉRREZ,09 BAJÍO,General
9ECCC,GABRIEL GUALITO BECERRA,09 BAJÍO,General
9AXK9,JESUS ISRAEL CRUZ SANCHEZ,09 BAJÍO,General
9B75R,JOSE FRANCISCO CARRANZA FLORES,09 BAJÍO,General
9L1RX,CRISTOPHER GILBERTO CRESPO GONZALEZ,09 BAJÍO,General
9MTDK,NOE TORRES HERNANDEZ,09 BAJÍO,General
9JTG9,JOSE MONSERRAT REYNALDO GARDUÑO MORALES,09 BAJÍO,General
9ETFD,CARLOS ALBERTO AYALA MEDINA,09 BAJÍO,General
9MP8B,ANTONIO CORTES ESTRADA,09 BAJÍO,General
9ECAY,OSVALDO HERNÁNDEZ GARCÍA,09 BAJÍO,General
9ERDX,MARYORAY PEÑA DE LA PEÑA,09 BAJÍO,General
9NHXU,MARIA DEL ROCIO GARCIA VILLEDA,09 BAJÍO,General
9ARM4,JOSE RICARDO RODRÍGUEZ HERNÁNDEZ,09 BAJÍO,General
9EV6P,OSCAR HERNÁNDEZ MONTERO,09 BAJÍO,General
83939,ANGEL ADRIAN ENRIQUE SANCHEZ,09 BAJÍO,General
9JNNM,JOCSAN HERNÁNDEZ GARMA,09 BAJÍO,General
9B169,GERARDO RODRÍGUEZ ESTRADA,09 BAJÍO,General
9JNPH,IVAN BARUCH CUANALO TEPOX,09 BAJÍO,General
9EBEW,ERNESTO GONZALEZ RICO,09 BAJÍO,General
9JNG8,OSCAR ISLAS CORTES,09 BAJÍO,General
9JNF4,MIGUEL ANGEL CASTILLO RAMIREZ,09 BAJÍO,General
9L1FH,NUBIA GARCÍA PAULIN,09 BAJÍO,General
93604,RUBÉN MARTIN GARCÍA CASTELÁN,10 GOLFO CENTRO,General
9EDGY,MARCO ANTONIO CASTILLO SALAZAR,10 GOLFO CENTRO,General
9M52U,JOSE MARIA CASTILLO CLEMENTE,10 GOLFO CENTRO,General
9JM2P,HÉCTOR MANUEL HERNÁNDEZ CAMPILLO,10 GOLFO CENTRO,General
9JMA5,JOSE MARÍA ZAVALA LLAMAS,10 GOLFO CENTRO,General
9MFHR,ANA MARIA LARA RAMOS,10 GOLFO CENTRO,General
9ATMK,LEOPOLDO DANTE PUENTE DURAN,10 GOLFO CENTRO,General
9EFRX,CARLOS ARMANDO VÉLEZ CHACÓN,10 GOLFO CENTRO,General
9MFJJ,MIGUEL ANGEL ESQUEDA VAZQUEZ,10 GOLFO CENTRO,General
9JM6X,RICARDO VIZUET ESTRADA,10 GOLFO CENTRO,General
9EFXF,ALFREDO RIVERO ROBEGLIA,10 GOLFO CENTRO,General
9JMKU,LUIS FERNANDO HERNANDEZ VARGAS,10 GOLFO CENTRO,General
9JMH3,JOSE ISMAEL CARRIZALES ESMERALDA,10 GOLFO CENTRO,General
9JMH6,TEÓFILO ANTONIO GARCÍA MENDOZA,10 GOLFO CENTRO,General
9ATHX,JUAN OSWALDO CUELLAR RODRIGUEZ,10 GOLFO CENTRO,General
9ATB7,ALFONSO MÉNDEZ CASTILLO,10 GOLFO CENTRO,General
9MF96,VERÓNICA LUNA HERNÁNDEZ,10 GOLFO CENTRO,General
9M3K8,MAYRA VERONICA RIVERA TORRES,10 GOLFO CENTRO,General
9ATNA,OSCAR NAVA DIAZ,10 GOLFO CENTRO,General
9M3R1,EZEQUIEL MEDINA MARTÍNEZ,10 GOLFO CENTRO,General
9MFE1,SAUL GARCIA MELENDEZ,10 GOLFO CENTRO,General
9EFWU,JULIO CERINO RODRÍGUEZ,10 GOLFO CENTRO,General
9EFTV,MIGUEL ÁNGEL OLIVA LEURA,10 GOLFO CENTRO,General
9EFPJ,HUGO ALBERTO BARRIENTOS ROMERO,10 GOLFO CENTRO,General
9JMKV,LUIS GABRIEL GARCÍA CASTILLO,10 GOLFO CENTRO,General
9EFV2,MARIO ALBERTO RAMOS PAZZI,10 GOLFO CENTRO,General
9EFXB,FRANCISCO JAVIER SANCHEZ PUENTE,10 GOLFO CENTRO,General
9EGAG,HEZAEL ALEJANDRO PEREZ PEREZ,10 GOLFO CENTRO,General
9AW1T,LUIS ERNESTO TORRES PEREZ,10 GOLFO CENTRO,General
9M3MA,J. MARTIN CORTES ESCOBEDO,10 GOLFO CENTRO,General
9JM2V,JOSE LUIS HERNÁNDEZ CASTRO,10 GOLFO CENTRO,General
9EFWF,JOSUÉ LOPEZ MARÍN,10 GOLFO CENTRO,General
9MFNW,NAHUM JOSELPH IZAGUIRRE CONDE,10 GOLFO CENTRO,General
9ALF3,EMILIO CASTILLO HERNÁNDEZ,10 GOLFO CENTRO,General
9AYK0,JOSE CORNELIO LOPEZ MEDINA,10 GOLFO CENTRO,General
9JPCX,JESUS IGNACIO MARTINEZ SANTOS,10 GOLFO CENTRO,General
90063,VÍCTOR MANUEL GUZMÁN BRAVO,10 GOLFO CENTRO,General
9AH57,CESAR JAVIER LOPEZ CERVANTES,10 GOLFO CENTRO,General
9MBWK,JESUS ADRIAN FLORES GIL,10 GOLFO CENTRO,General
9M3CN,ENRIQUE PEDRO ESTRADA MARTÍNEZ,10 GOLFO CENTRO,General
9M3BT,ALICIA DE LAS MERCEDES MARRUFO LEANDRO,10 GOLFO CENTRO,General
9MFCJ,DAMIAN NAJERA CERDA,10 GOLFO CENTRO,General
9JMB9,YAHAIRA BERENICE ARTEAGA BARAJAS,10 GOLFO CENTRO,General
9JLFP,RODOLFO PONCE SANDOVAL,11 CENTRO OCCIDENTE,General
9B8Y8,ALEJANDRO MANUEL GUZMÁN ROMERO,11 CENTRO OCCIDENTE,General
9B8XW,RAMÓN ALEJANDRO CHÁVEZ MEDINA,11 CENTRO OCCIDENTE,General
9AVVL,ARTURO BARRIENTOS SANTILLÁN,11 CENTRO OCCIDENTE,General
9B8LU,RICARDO VACA LOZOYA,11 CENTRO OCCIDENTE,General
9M21U,JOSÉ ENRIQUE NEGRETE GONZÁLEZ,11 CENTRO OCCIDENTE,General
9ECH0,ENRIQUE PEREZ BENÍTEZ,11 CENTRO OCCIDENTE,General
9L466,ROGELIO GONZALEZ RAMÍREZ,11 CENTRO OCCIDENTE,General
9L4CB,GUILLERMO PRADO QUEZADA,11 CENTRO OCCIDENTE,General
9ECNC,FILIBERTO ALVARADO MONTOYA,11 CENTRO OCCIDENTE,General
9ECN4,EDUARDO LUNA GARCIA,11 CENTRO OCCIDENTE,General
9MBMY,VICTORIA ALEJANDRA YAÑEZ ARITZMENDI,11 CENTRO OCCIDENTE,General
9BA89,JAIME MEJÍA RUEDA,11 CENTRO OCCIDENTE,General
9L4B8,ENRIQUE NAVARRETE MOLINA,11 CENTRO OCCIDENTE,General
9NEL2,LUIS MORELOS GARCÍA RIVERA,11 CENTRO OCCIDENTE,General
9B8UN,JAIRO RAÚL HERNÁNDEZ YESCAS,11 CENTRO OCCIDENTE,General
9B8XG,SALVADOR ÁLVAREZ QUIÑONES,11 CENTRO OCCIDENTE,General
9HMRD,YURIXI JANET AVILA VARGAS,11 CENTRO OCCIDENTE,General
9ALAG,TEÓDULO VILLA BRIONES,11 CENTRO OCCIDENTE,General
9HW07,SALVADOR JAURRIETA HUERTA,11 CENTRO OCCIDENTE,General
9M1UD,HUGO TRINIDAD DELGADO PEÑALOZA,11 CENTRO OCCIDENTE,General
9HRW0,EDGAR ALEJANDRE ALBERTO,11 CENTRO OCCIDENTE,General
9B8W8,LADISLAO SERVÍN ESCOBEDO,11 CENTRO OCCIDENTE,General
9JA3V,MARTHA PAOLA MUÑOZ RIVERA,11 CENTRO OCCIDENTE,General
9JJVT,JESÚS CHÁVEZ ANGUIANO,11 CENTRO OCCIDENTE,General
9AHFL,JOSE ANDRÉS VARGAS ESTRADA,11 CENTRO OCCIDENTE,General
9ANL2,ADRIAN PALOMINO TOPETE,11 CENTRO OCCIDENTE,General
9B8N3,HÉCTOR HOMERO SANCHEZ MÉNDEZ,11 CENTRO OCCIDENTE,General
9JA3D,SONIA  MONTELONGO LUCATERO,11 CENTRO OCCIDENTE,General
9JLRB,EDUARDO MENDOZA ALEJANDRE,11 CENTRO OCCIDENTE,General
9M20L,JOEL VIDALES LOPEZ,11 CENTRO OCCIDENTE,General
9B8RB,CECILIO SANCHEZ CRUZ,11 CENTRO OCCIDENTE,General
9MRME,JOSE ALFREDO SANCHEZ RODRIGUEZ,11 CENTRO OCCIDENTE,General
9B91V,JULIO CESAR GUTIÉRREZ ALCÁNTARA,11 CENTRO OCCIDENTE,General
9AL2E,CARLOS ALBERTO GÁLVEZ GARDUÑO,11 CENTRO OCCIDENTE,General
9B8UD,GUILLERMO PICHARDO GARCÍA,11 CENTRO OCCIDENTE,General
9B8YW,MARIBEL COLIN HERNÁNDEZ,11 CENTRO OCCIDENTE,General
9B90Y,ALBERTO SANCHEZ TINOCO,11 CENTRO OCCIDENTE,General
9JA33,RICARDO ESCALONA SALAZAR,11 CENTRO OCCIDENTE,General
9A0D2,JESÚS SILVERIO JARAMILLO VÁZQUEZ,11 CENTRO OCCIDENTE,General
9L46C,JAIME TRUJILLO HERNÁNDEZ,11 CENTRO OCCIDENTE,General
9MBT5,RAÚL RIVEROL ROMAN,11 CENTRO OCCIDENTE,General
9AVLK,ARTEMIO MORENO SERRANO,11 CENTRO OCCIDENTE,General
9B8MN,JUAN RAÚL BARRAGÁN RÍOS,11 CENTRO OCCIDENTE,General
9JLUU,YESENIA LIZBETH SANDOVAL HERRERA,11 CENTRO OCCIDENTE,General
9HPVH,ORLANDO RAMOS VIVAS,11 CENTRO OCCIDENTE,General
9M1VY,CARLOS MEJÍA RAMOS,11 CENTRO OCCIDENTE,General
9B901,SUGEY BARRERA GALLARDO,11 CENTRO OCCIDENTE,General
9M1XH,ANTONIO PEREZ DIAZ,11 CENTRO OCCIDENTE,General
9HKN0,SERGIO ALBERTO LEMUS LOPEZ,11 CENTRO OCCIDENTE,General
9B915,RICARDO MORENO VITELA,11 CENTRO OCCIDENTE,General
9B8YF,ENRIQUE ROJAS ROJAS,11 CENTRO OCCIDENTE,General
9AL5L,SERGIO QUIROGA LABASTIDA,11 CENTRO OCCIDENTE,General
9AL1G,ALEJANDRO FLORES MUÑOZ,11 CENTRO OCCIDENTE,General
9GP5X,CHRISTIAN EVELYN ALVARADO CÁCERES,11 CENTRO OCCIDENTE,General
9GV96,GABRIEL LUEVANO GARCÍA,11 CENTRO OCCIDENTE,General
9HADJ,JONATHAN AMADOR REYES HERNANDEZ ,11 CENTRO OCCIDENTE,General
9ACAK,GUADALUPE ALEJANDRA MARTÍNEZ ÁLVAREZ,11 CENTRO OCCIDENTE,General
9HFJ0,MIGUEL ÁNGEL ZINZÚ GARCÍA,11 CENTRO OCCIDENTE,General
9AC9P,MARCO ULISES MARIN GARCIA,11 CENTRO OCCIDENTE,General
9HMR5,CESAR AZAHI GUTIÉRREZ ESTRADA,11 CENTRO OCCIDENTE,General
*,JOSE JORGE VARGAS RODRÍGUEZ,11 CENTRO OCCIDENTE,General
*,RUBEN JIMENEZ HERNANDEZ,11 CENTRO OCCIDENTE,General
9B2ER,JOSE VALENTÍN MANZANAREZ SANCHEZ,12 CENTRO SUR,General
9M7PB,RAFAEL FUENTES PINEDA,12 CENTRO SUR,General
9N1L8,STEPHANY PAOLA MOLINA DIAZ,12 CENTRO SUR,General
9B25R,GILBERTO URIEL CÁRDENAS URIBE,12 CENTRO SUR,General
9M7H7,EDGAR GONZALEZ MUNGUÍA,12 CENTRO SUR,General
9M7RW,JOSE GONZALEZ CHIMAL,12 CENTRO SUR,General
9A7PL,JUAN SANCHEZ BARRETO,12 CENTRO SUR,General
9B224,PEDRO ALBERTO MÉNDEZ ESCOBAR,12 CENTRO SUR,General
9E604,ROBERTO MEDINA BARRETO ,12 CENTRO SUR,General
9JKHL,JOSUÉ CAMPOS SALGADO,12 CENTRO SUR,General
9E908,LORENZO ANAYA HERRERA,12 CENTRO SUR,General
9JKNE,HUMBERTO GONZALEZ MELENDEZ,12 CENTRO SUR,General
9B2AD,XOCOYOTZIN CALDERÓN URIOSTEGUI,12 CENTRO SUR,General
9M7FV,JESÚS ARMANDO EGUÍLUZ BRITO,12 CENTRO SUR,General
9MFRU,GUILLERMO ESPINOSA SANTIAGO,12 CENTRO SUR,General
9B22M,FELIPE DE JESÚS PASTRANA AYALA,12 CENTRO SUR,General
9E003,OMAR ÁVILA CASTRO,12 CENTRO SUR,General
9E80X,NIMRI SALEM TORRES VERGARA,12 CENTRO SUR,General
9AE9L,JAIME CASTRO MUÑOZ,12 CENTRO SUR,General
9DYY1,ALEJANDRO BASILIO BELLO,12 CENTRO SUR,General
9E00C,JOSE LUIS NARANJO GUZMAN,12 CENTRO SUR,General
9DYBA,OSCAR FRANCISCO HERRERA LORENZO,12 CENTRO SUR,General
9B2C0,LUIS ALFONSO SOBERANIS LOEZA,12 CENTRO SUR,General
9MFTJ,BRENDA GUADALUPE MANRIQUE VAZQUEZ,12 CENTRO SUR,General
37551,ORLANDO MUÑIZ MUÑOZ,12 CENTRO SUR,General
9JKRH,OSCAR ALFONSO MUÑIZ MOCTEZUMA,12 CENTRO SUR,General
9EATX,HECTOR ALEJANDRO TALAVERA RODRIGUEZ,12 CENTRO SUR,General
9E000,RUBÉN ESQUIVEL TRUJILLO,12 CENTRO SUR,General
9B286,FERNANDO GARCÍA PACHECO,12 CENTRO SUR,General
9M7UM,CARLOS ENRIQUE ESPINOZA OVANDO ,12 CENTRO SUR,General
9EARR,RENE ÁLVAREZ REYES,12 CENTRO SUR,General
9EB1P,DANIEL GÁMEZ HERNÁNDEZ,12 CENTRO SUR,General
9JT99, JULIO CESAR COLUMNA GOMEZ,12 CENTRO SUR,General
9JKPM,RAFAEL TOSCANO VERA,12 CENTRO SUR,General
9M7XN,GABRIEL ENRIQUE GILES GÓMEZ,12 CENTRO SUR,General
9N23N,HORUS OCAMPO PEREZ,12 CENTRO SUR,General
*,MARÍA DEL ROSARIO CAÑEDO ESPERO,12 CENTRO SUR,General
*,MA. DEL PILAR ORDAZ ALBARRÁN,12 CENTRO SUR,General
3564,VICTOR HUGO CORTES MORENO,12 CENTRO SUR,General
9EV09,JOSE ANTONIO SALGADO MAYA,12 CENTRO SUR,General
9EV46,MIGUEL LUIS MERAZ SANCHEZ,12 CENTRO SUR,General
9ARPW,JOSE RAFAEL TERRAZAS BOJORGES,12 CENTRO SUR,General
9B2AL,ERNESTO FLORES VARIBLE,12 CENTRO SUR,General
9E407,JOSE ALCALÁ GÓMEZ,12 CENTRO SUR,General
9E20X, LUIS ALCALA GOMEZ ,12 CENTRO SUR,General
9E728,MARTINIANO PACHECO SALAZAR,12 CENTRO SUR,General
9M7H9,LUIS MIGUEL SUASTEGUI MORENO,12 CENTRO SUR,General
9N1RV,ALEJANDRO HERNANDEZ IGNACIO ,12 CENTRO SUR,General
9AE7K,PORFIRIO DIAZ OSORIO,12 CENTRO SUR,General
9MG6L,DIEGO ARMANDO MIRANDA LIMAS,12 CENTRO SUR,General
9M7H5,JORGE DANIEL ODIN GARCIA AYALA,12 CENTRO SUR,General
9JTK7,JAIME AGUILAR REYES,12 CENTRO SUR,General
9MP00,EVERARDO COLIN HERNÁNDEZ,12 CENTRO SUR,General
9AK38,LORENZO DE PAZ BARCENAS,12 CENTRO SUR,General
9JKCY,JOSE ARTURO CHÁVEZ ORBE,12 CENTRO SUR,General
9MG7P,JESÚS RODRÍGUEZ SALGADO,12 CENTRO SUR,General
9E90F,FAUSTINO ROSAS GALEANA,12 CENTRO SUR,General
9EV9W,SILVIO ALEJANDRO AMBARIO ORBE,12 CENTRO SUR,General
9MFYX,OMAR GEOVANNY GUEVARA GORDILLO,12 CENTRO SUR,General
9E40P,RUTH MENDOZA ALCAZAR,12 CENTRO SUR,General
9EB7R,SILVESTRE PEREZ SANCHEZ,12 CENTRO SUR,General
9EB7P,EDGAR MORALES CÁRDENAS,12 CENTRO SUR,General
9MPCK,MARIA DEL CARMEN CARRANZA CRUZ,12 CENTRO SUR,General
9JKM3,JESÚS MARÍA DE LA FUENTE CALDERÓN,12 CENTRO SUR,General
9JKJY,LUIS ALBERTO RIVAS VILLARREAL,12 CENTRO SUR,General
9EA3H,JOSE LUIS MONTAÑO FERNANDEZ,12 CENTRO SUR,General
9EVAX,CESAR GERARDO MEDINA CARBAJAL,12 CENTRO SUR,General
9EB8D,JUAN JOSE PIEDRA SALGADO,12 CENTRO SUR,General
89266,ROSALIO ANTONIO GARCÍA GARCÍA,12 CENTRO SUR,General
9EVBB,JORGE ALBERTO AGUILERA BLASSI,12 CENTRO SUR,General
9EBR0,OSCAR NÚÑEZ HERRERA,13 CENTRO ORIENTE,General
9MBB6,JULIO CESAR GARCÍA LOPEZ,13 CENTRO ORIENTE,General
9EBLY,NICOLAS HERNANDEZ HERNANDEZ,13 CENTRO ORIENTE,General
9L9HE,MARGARITA CAAMAÑO PORRAS,13 CENTRO ORIENTE,General
9EBK7,GABRIEL JUAREZ HIDALGO,13 CENTRO ORIENTE,General
9L9NX,ALMA BELEN GARCIA BALTASAR,13 CENTRO ORIENTE,General
9B1BK,MARTIN COYOTZI NAVA,13 CENTRO ORIENTE,General
9EBDT,GUILLERMO ADRIÁN DIAZ MARTÍNEZ,13 CENTRO ORIENTE,General
9N222,DESIRE ALINE ROMERO ROJAS,13 CENTRO ORIENTE,General
9M969,VÍCTOR HIGINIO ORTEGA ARREOLA,13 CENTRO ORIENTE,General
9M9EF,ABRAHAM PEREZ BALTAZAR,13 CENTRO ORIENTE,General
9B1CF,ROSA MARIA ROMERO LEYVA,13 CENTRO ORIENTE,General
9ARM9,JAIME HERNÁNDEZ RAMOS,13 CENTRO ORIENTE,General
9B129,CARLOS ISRAEL CANO LABORDE,13 CENTRO ORIENTE,General
9NC1D,VICTOR MANUEL LAZCANO DE LOS MAREMA JUAREZ,13 CENTRO ORIENTE,General
9A6GC,JUAN MANUEL ROMERO JUÁREZ,13 CENTRO ORIENTE,General
9EBPD,JUAN JOSE ZAMORA ROMÁN,13 CENTRO ORIENTE,General
9JNNB,JOSE OMAR TELLO BALTASAR,13 CENTRO ORIENTE,General
9MBJC,LUZ MARÍA BLÁZQUEZ GARCÍA,13 CENTRO ORIENTE,General
9MB65,EDGAR MICHAEL MENESES MEXICANO,13 CENTRO ORIENTE,General
9B1CA,JOSE ALFREDO GONZALEZ VAZQUEZ,13 CENTRO ORIENTE,General
9L9H5,FERNANDO IRVING GUTIÉRREZ VIVANCO,13 CENTRO ORIENTE,General
9B17T,JORGE CELESTINO SAAVEDRA GONZALEZ,13 CENTRO ORIENTE,General
9L9AD,FABIOLA SANCHEZ ALONSO,13 CENTRO ORIENTE,General
9NBR8,ARMANDO VÁZQUEZ HERNÁNDEZ,13 CENTRO ORIENTE,General
9EBRU,MARÍA DEL PILAR ÁVILA ABRAJAN,13 CENTRO ORIENTE,General
9NBRB,MARCO ANTONIO SAAVEDRA TEMALATZI,13 CENTRO ORIENTE,General
9AYEK,ÁLVARO OCAÑA PIMENTEL,14 ORIENTE,General
9JPK8,FABIOLA GARCÍA ANTONIO,14 ORIENTE,General
9DF02,ANGEL SANABRIA PEÑA,14 ORIENTE,General
9JEX8,ABRAHAM GONZALEZ BLANCO,14 ORIENTE,General
9JF2B,JOSE MAURICIO FERNANDEZ SANCHEZ,14 ORIENTE,General
9JEXX,YARELI CASTRO HUERTA,14 ORIENTE,General
9B98R,FRANCISCO JAVIER USCANGA MORALES,14 ORIENTE,General
9JGVA,GUSTAVO ADOLFO VALENZUELA CUEVA,14 ORIENTE,General
9M533,HÉCTOR  DIAZ RODRÍGUEZ,14 ORIENTE,General
9B4E6,BENITO HERNÁNDEZ GUTIÉRREZ,14 ORIENTE,General
9B4H9,JOSE ÁNGEL DIAZ RIVERA,14 ORIENTE,General
9N6LM,MARIA DEL CARMEN VAZQUEZ ALEMAN,14 ORIENTE,General
9A4M0,JOSE ROLANDO NÚÑEZ URIBE,14 ORIENTE,General
9ALP5,RAFAEL GUADALUPE FLORES REVOREDA,14 ORIENTE,General
9MDBB,LIONSO DOMINGUEZ MENDEZ,14 ORIENTE,General
9D404,JOSE DE LA ROSA TORRES,14 ORIENTE,General
9D90A,EFRÉN ARANO ZARRASUELA,14 ORIENTE,General
9DC0D,ANTONIO JERONIMO FLORES,14 ORIENTE,General
9B4H4,NEFTALÍ VENTURA OVANDO,14 ORIENTE,General
9JGRX,WALTERIO ALEGRÍA CHONTAL,14 ORIENTE,General
9MVLY,ALAN ADOLFO GIL VELASCO,14 ORIENTE,General
9DE0V,ANÍBAL JAIME MARTÍNEZ VALLEJO,14 ORIENTE,General
9JF5D,OSCAR JOSE GARCÍA ROMÁN,14 ORIENTE,General
9DE0U,RAZIEL VILLANUEVA HERNÁNDEZ,14 ORIENTE,General
9DD0G,ÁLVARO HARIM AGUILERA RUIZ,14 ORIENTE,General
9DA02,JUAN JESÚS CABRERA ARROYO,14 ORIENTE,General
9M69P,FELIPE DE JESUS XALTENO VALERA,14 ORIENTE,General
9EDHN,JORGE RIGO FLORES,14 ORIENTE,General
9B9EM,MARCELO FLORA FLORES,14 ORIENTE,General
9NLK5,STEFFANI MARTINEZ DIAZ,14 ORIENTE,General
9B9BE,DIEGO HERNÁNDEZ OCHOA,14 ORIENTE,General
9EDFY,MANUEL ORDOÑEZ FERNANDEZ,14 ORIENTE,General
9M58V,ANDRES ALVAREZ FARIAS,14 ORIENTE,General
9DA0H,BENIGNO CALIXTO RODRÍGUEZ,14 ORIENTE,General
9EHU5,JAVIER HERNÁNDEZ SERRANO,14 ORIENTE,General
9EHVB,JULIO CESAR OROPEZA SOTO,14 ORIENTE,General
9B4MG,FERNANDO ALBA VERA,14 ORIENTE,General
9DC0B,JOSE ANTONIO SERRA ESPINOSA,14 ORIENTE,General
9MVM1,JOSE MANUEL SANTIAGO PULIDO,14 ORIENTE,General
9D201,DAVID REYES CASTAÑEDA,14 ORIENTE,General
9B4L0,ROSENDO CRUZ JIMÉNEZ,14 ORIENTE,General
9MVXF,OMAR EDUARDO GARCES DEL ANGEL,14 ORIENTE,General
71497,LORENZO PIEDRA GARCÍA,14 ORIENTE,General
9ABRV,LEONEL PEREZ HERRERA,14 ORIENTE,General
9DH02,ELIZABETH PIEDRA MENDOZA,14 ORIENTE,General
9A7VR,ÁLVARO GERARDO REYES ESPINOSA,14 ORIENTE,General
9JY2W,EDGAR OMAR VELÁZQUEZ LICONA,14 ORIENTE,General
87952,MARIA DEL SOCORRO MARQUEZ VIVEROS,14 ORIENTE,General
71405,PEDRO BLANCO GARCÍA,14 ORIENTE,General
98656,ANDRÉS GABRIEL MARTÍNEZ CARMONA,14 ORIENTE,General
9DK0G,JULIO GUEVARA INFANZON,14 ORIENTE,General
76425,JESÚS ARRÓNIZ RAMÍREZ,14 ORIENTE,General
9B96C,ARACELI GARCÍA LEÓN,14 ORIENTE,General
9B96D,CARLOS ROBERTO QUIJANO DOMINGUEZ,14 ORIENTE,General
9B5J7,HIRAM EDGAR VÁZQUEZ ORTEGA,14 ORIENTE,General
9JXKH,ÁNGEL ROBERTO ZAMUDIO ARELLANO,14 ORIENTE,General
9JY4J,MARCELINO TORRES ROMERO,14 ORIENTE,General
9EDUD,JAIME RAMÍREZ ORTIZ,14 ORIENTE,General
72566,HÉCTOR HERNÁN GÓMEZ GUÍZAR,15 SURESTE,General
9B52X,HILARIO SANTOS RODRÍGUEZ,15 SURESTE,General
9FJEL,ROSA DE AQUINO HERNANDEZ,15 SURESTE,General
9A9UA,GILBERTO MENDOZA MEDINA,15 SURESTE,General
9B52H,ROJELIO LUIS HERNÁNDEZ PEREZ,15 SURESTE,General
9MV53,ALI JOSUE CORTES GARCIA,15 SURESTE,General
78417,FRANCISCO GUTIÉRREZ GONZALEZ,15 SURESTE,General
9DR0M,JESÚS ALEXANDER MELCHOR DIAZ,15 SURESTE,General
9MNN3,PAOLA GRISSEL ESCARPULLI RAMOS,15 SURESTE,General
9AWYK,VÍCTOR ARMANDO SANCHEZ ORTEGA,15 SURESTE,General
9AWTW,LIMANTUR CASTELLANOS GÓMEZ,15 SURESTE,General
9MP95,ROSARIO LANDERO CAMACHO,15 SURESTE,General
9B9J0,BENJAMÍN LOPEZ AVENDAÑO,15 SURESTE,General
9JH35,JOSE ANTONIO AGUILAR AFRE,15 SURESTE,General
9NLL2,OSCAR ARMANDO RIOS FIGUEROA,15 SURESTE,General
9L0CY,ARMANDO ENRÍQUEZ BLASI,15 SURESTE,General
9B57F,ALONSO OSORIO CUEVAS,15 SURESTE,General
9M9E3,ANGELA ENRIQUEZ BLASI,15 SURESTE,General
90938,ERWIN MEDARDO ARREORTUA MARTÍNEZ,15 SURESTE,General
9B53L,EDUARDO HORACIO MATÍAS ORTEGA,15 SURESTE,General
9L0FY,GABRIELA MALDONADO ORTEGA,15 SURESTE,General
9AMK3,JESÚS JORGE PEREZ BAÑOS,15 SURESTE,General
9L0JH,AARON HERNÁNDEZ RAMOS,15 SURESTE,General
9FD9T,FERMIN ALVARO MENDOZA GARCIA,15 SURESTE,General
9FD9U,SAUL FAVIEL LOPEZ SANCHEZ,15 SURESTE,General
9B52E,SAUL CHÁVEZ ESCOBAR,15 SURESTE,General
9DL0P,JORGE LUIS FERNANDEZ OCHOA,15 SURESTE,General
90619,HUBERCLEIN HEROS FONSECA,15 SURESTE,General
9A9XJ,MIGUEL ÁNGEL PEREZ PEREZ,15 SURESTE,General
9DY15,SIGLEY VIANEY HEROS MUÑOA,15 SURESTE,General
9AWX9,RANDY RIZIERI ITZ HERNÁNDEZ,15 SURESTE,General
9DY1K,TITO ROMERO TORRES,15 SURESTE,General
9B51F,ALEXIS SANCHEZ ALVAREZ,15 SURESTE,General
9B9BK,JULIO CESAR DOMÍNGUEZ NURIULU,15 SURESTE,General
9EDBC,ISRAEL GUTIÉRREZ ALARCÓN,15 SURESTE,General
9M52D,KAREN ABIGAIL SERRANO SILVA,15 SURESTE,General
9AMK6,CARLOS MARIO SANCHEZ MORALES,15 SURESTE,General
9A9JB,AURELIO LAZOS PEREZ,15 SURESTE,General
9MXPB,MARIA GUADALUPE PALMA CORDOVA,15 SURESTE,General
9EDL7,ENRIQUE ALEJANDRO LUNA FLECHA,15 SURESTE,General
9AWRR,JAIME PEREZ DE LOS SANTOS,15 SURESTE,General
9JGY7,ARMANDO ZARAGOZA CRUZ,15 SURESTE,General
9JGLR,JULIÁN RICARDO DOMÍNGUEZ SANCHEZ,15 SURESTE,General
9AWVD,LUIS MIGUEL ARELLANO JIMÉNEZ,15 SURESTE,General
9EDLD,RAFAEL LIMON PULIDO,15 SURESTE,General
9AMVJ,MANUEL ALEJANDRO VERA TRUJILLO,15 SURESTE,General
9NHLC,JOSE ÁNGEL HERNÁNDEZ MARTÍNEZ,15 SURESTE,General
9L0HY,HECTOR DE JESUS GOMEZ GUILLEN,15 SURESTE,General
9L0LR,JUAN DANIEL ALPERTE SANTOS,15 SURESTE,General
9L0NA,JORGE LUIS GARCÍA MÉNDEZ,15 SURESTE,General
9MVDV,JOSE MANUEL CRUZ DOMINGUEZ,15 SURESTE,General
9JGWP,ROGER MUÑOZ JONAPA,15 SURESTE,General
9B53A,CARLOS MARTÍNEZ RAMÍREZ,15 SURESTE,General
9AKLN,JORGE RICARDO VILLAMONTE SANSORES,16 PENINSULAR,General
9BBK1,KENNER FRANCISCO BALAN RIVERA,16 PENINSULAR,General
9MW55,OSWALDO RENE CORDERO CANUL,16 PENINSULAR,General
9AKMG,OSWALDO POTENCIANO ALCOCER,16 PENINSULAR,General
9AKMB,FERNANDO ENRIQUE CASTRO VADILLO,16 PENINSULAR,General
9NCUB,EDGAR XAVIER EQUIS PUGA,16 PENINSULAR,General
9AKU6,GEORGINA CARDOZA VALADEZ,16 PENINSULAR,General
9JR3M,EFRAÍN ALEJANDRO GÓMEZ LLERGO,16 PENINSULAR,General
9MC7X,JONATHAN BAEZ BORJAS,16 PENINSULAR,General
41271,LIZANDRO LIZAMA GARMA,16 PENINSULAR,General
42008,JORGE LIZANDRO LIZAMA RAMÍREZ,16 PENINSULAR,General
9EMCL,ALEJANDRA GUADALUPE ALDANA ALCOCER,16 PENINSULAR,General
9M57A,JESÚS ADOLFO LARA ÁLVAREZ,16 PENINSULAR,General
9AVF6,EDGAR GUZMÁN DE ATOCHA ESQUIVEL SALAZAR,16 PENINSULAR,General
9MD5X,LILIA VIRIDIANA VERA MEDINA,16 PENINSULAR,General
9A6U9,FRANCISCO ANTONIO BARBOSA MOGUEL,16 PENINSULAR,General
9BBBH,RAFAEL GUADALUPE CHI ARJONA,16 PENINSULAR,General
9MC61,CINTHIA LORENA HERNANDEZ CABRERA,16 PENINSULAR,General
9A773,CARLOS ALFREDO DZIB MAGAÑA,16 PENINSULAR,General
9BBP7,JORGE CARLOS DZIB MAGAÑA,16 PENINSULAR,General
9PJYL,DANIEL LOZANO VARELA,16 PENINSULAR,General
9AKJ7,NOE ENRIQUE UCAN TAMAYO,16 PENINSULAR,General
9BBDV,AURELIO ALBERTO RODRÍGUEZ PECH,16 PENINSULAR,General
9JR2T,ARMIN ABIMAEL COUOH CAN,16 PENINSULAR,General
9BBF8,LUIS ARMANDO CETINA DORANTES,16 PENINSULAR,General
9JRAM,MARIO ENRIQUE ALEJOS GONZALEZ,16 PENINSULAR,General
9EMJ1,EDGAR OSVALDO PECH CANCHE,16 PENINSULAR,General
9EVGT,MIGUEL ÁNGEL RODRÍGUEZ CHÁVEZ,17 GENERACIÓN Y TRANSMISIÓN CENTRAL,General
9EV9N,JUAN ANTONIO MUÑOZ VALLEJO,17 GENERACIÓN Y TRANSMISIÓN CENTRAL,General
9EVFE,ELOY MIRANDA SOTO ,17 GENERACIÓN Y TRANSMISIÓN CENTRAL,General
9JT4D,JUAN ÁNGEL PEREZ ALMARAZ,17 GENERACIÓN Y TRANSMISIÓN CENTRAL,General
9JTBA,EDER ANTONIO RODRÍGUEZ VÁZQUEZ,17 GENERACIÓN Y TRANSMISIÓN CENTRAL,General
9JTFE,FERNANDO AGUILAR PAULIN ,17 GENERACIÓN Y TRANSMISIÓN CENTRAL,General
9ETV8,HUGO ENRIQUE ORTIZ LOPEZ,17 GENERACIÓN Y TRANSMISIÓN CENTRAL,General
9EB81,JOSE ANTONIO LARA OROZCO,17 GENERACIÓN Y TRANSMISIÓN CENTRAL,General
9MP27,ARELY ÁLVAREZ CORONA,17 GENERACIÓN Y TRANSMISIÓN CENTRAL,General
1437,IGNACIO NÚÑEZ FRAYLE,17 GENERACIÓN Y TRANSMISIÓN CENTRAL,General
1243,JUAN MANUEL MALDONADO LARA,17 GENERACIÓN Y TRANSMISIÓN CENTRAL,General
1487,GREGORIO CORONA MENDOZA ,17 GENERACIÓN Y TRANSMISIÓN CENTRAL,General
10001577,ARTURO RODRÍGUEZ GÁLVEZ,17 GENERACIÓN Y TRANSMISIÓN CENTRAL,General
10015665,ISRAEL RAMÍREZ BAÑUELOS,17 GENERACIÓN Y TRANSMISIÓN CENTRAL,General
10000007,JOSÉ JUAN CAMARGO ALMANZA,17 GENERACIÓN Y TRANSMISIÓN CENTRAL,General
9JT6X,GERMAIN OCAMPO MENDOZA,17 GENERACIÓN Y TRANSMISIÓN CENTRAL,General
9ETF7,ISAÍ CASTREJÓN CRISANTO,17 GENERACIÓN Y TRANSMISIÓN CENTRAL,General
9NEDD,JOSÉ LUIS ROBLEDO MENA,17 GENERACIÓN Y TRANSMISIÓN CENTRAL,General
9AK7A,JAIME ZAVALA ACEVEDO,17 GENERACIÓN Y TRANSMISIÓN CENTRAL,General
9B2RG,CUPERTINO ESTRADA MONDRAGÓN,17 GENERACIÓN Y TRANSMISIÓN CENTRAL,General
9B2MR,AURORA ELVIRA HERNÁNDEZ SOTO ,17 GENERACIÓN Y TRANSMISIÓN CENTRAL,General
9L1YN,DAVID TÉLLEZ BELLO,18 VALLE DE MÉXICO NORTE,General
9K04X,IGNACIO MORENO HERNÁNDEZ,18 VALLE DE MÉXICO NORTE,General
9L2L3,ARMANDO ROBLES GASTÉLUM,18 VALLE DE MÉXICO NORTE,General
9MJ1A,FERNANDO MARCOS SOTO ESPINOSA,18 VALLE DE MÉXICO NORTE,General
9K16D,JOSE ANASTACIO LOPEZ DIAZ,18 VALLE DE MÉXICO NORTE,General
9L2RH,LUZ MARÍA OLVERA GALVEZ,18 VALLE DE MÉXICO NORTE,General
9K25C,CARLOS ALBERTO ALMAZÁN FLORES,18 VALLE DE MÉXICO NORTE,General
9MMND,LUIS ENRIQUE CHACÓN VALTIERRA,18 VALLE DE MÉXICO NORTE,General
9K17F,PEDRO SANTIAGO DEGOLLADO PADILLA,18 VALLE DE MÉXICO NORTE,General
9AHGY,ERNESTO HERNÁNDEZ LOPEZ,18 VALLE DE MÉXICO NORTE,General
9L2D9,IVÁN MIRANDA OROZCO,18 VALLE DE MÉXICO NORTE,General
9L2CW,JUAN CESAR MOJICA BROCA,18 VALLE DE MÉXICO NORTE,General
9L202,ISMAEL BALTAZAR JIMÉNEZ,18 VALLE DE MÉXICO NORTE,General
9M5MV,AGGIFF JONATHAN CONTRERAS CHÁVEZ,18 VALLE DE MÉXICO NORTE,General
9K18R,JOSÉ CARLOS ANDRADE LIBREROS,18 VALLE DE MÉXICO NORTE,General
9L2P2,RAMON GALVÁN RAMÍREZ,18 VALLE DE MÉXICO NORTE,General
9M5LB,VERÓNICA GUTIÉRREZ FRANCO,18 VALLE DE MÉXICO NORTE,General
9MJ12,JULIA SILVERIA GOMEZ BAUTISTA,18 VALLE DE MÉXICO NORTE,General
9MLJJ,JOEL CEDILLO GONZALEZ,18 VALLE DE MÉXICO NORTE,General
9MLJX,MARTIN ALONZO CASTAÑEDA,18 VALLE DE MÉXICO NORTE,General
9MLJC,EDUARDO MANZANO GONZÁLEZ,18 VALLE DE MÉXICO NORTE,General
9M5F3,DAVID TIENDA ZARAGOZA,18 VALLE DE MÉXICO NORTE,General
9K20Y,MATÍAS GÓMEZ SAAVEDRA,18 VALLE DE MÉXICO NORTE,General
9MHUL,MANUEL ALONSO ALCINA IGLESIAS,18 VALLE DE MÉXICO NORTE,General
9K403,ERICK JOSAFAT ACUÑA SALAZAR,19 VALLE DE MÉXICO CENTRO,General
9K40C,CLAUDIA ALICIA BRAVO TRISTÁN,19 VALLE DE MÉXICO CENTRO,General
9L3GA,JESÚS ALBERTO PACHECO GONZÁLEZ,19 VALLE DE MÉXICO CENTRO,General
9L8B7,RICARDO HIGAREDA MAGAÑA,19 VALLE DE MÉXICO CENTRO,General
9K490,CARLOS ALBERTO VÁZQUEZ MAGDALENO,19 VALLE DE MÉXICO CENTRO,General
9N0NK,VÍCTOR FERNANDO PADILLA LÓPEZ,19 VALLE DE MÉXICO CENTRO,General
9K50D,JOAQUIN RODRÍGUEZ MARTÍNEZ,19 VALLE DE MÉXICO CENTRO,General
9K508,MIGUEL JESÚS DAMIÁN GUTIÉRREZ,19 VALLE DE MÉXICO CENTRO,General
9K47L,BAUDEL BAEZA MONTIEL,19 VALLE DE MÉXICO CENTRO,General
9L7UU,MARCO ANTONIO VÁZQUEZ MUÑOZ,19 VALLE DE MÉXICO CENTRO,General
9L7UT,JOSÉ HUGO GONZÁLEZ TÉLLEZ,19 VALLE DE MÉXICO CENTRO,General
9N0L9,ELIZABETH LOANA MENDOZA LARA,19 VALLE DE MÉXICO CENTRO,General
9L3J8,JOSE DE JESÚS MERCADO AVILÉS,19 VALLE DE MÉXICO CENTRO,General
9L3X9,ANDRÉS EUGENIO TAXILAGA TEOBAL,19 VALLE DE MÉXICO CENTRO,General
9K34R,HÉCTOR DÍAZ CORNELIO,19 VALLE DE MÉXICO CENTRO,General
9L34V,CESAR ALAVAT SELVA,19 VALLE DE MÉXICO CENTRO,General
9L350,JULIO CESAR CISNEROS REYES,19 VALLE DE MÉXICO CENTRO,General
9L388,ERNESTO CABRERA PADUA,19 VALLE DE MÉXICO CENTRO,General
9L3RX,EDMUNDO RAMOS ACEVEDO,19 VALLE DE MÉXICO CENTRO,General
9L3JY,FRANCISCO RAMÍREZ DIAZ,19 VALLE DE MÉXICO CENTRO,General
9K54N,JOSÉ DOMINGO ICHANTE MORALES,19 VALLE DE MÉXICO CENTRO,General
9MLND,CHRISTIAN ALEJANDRO MEDELLÍN LUNA,19 VALLE DE MÉXICO CENTRO,General
9JV05,TOMAS NÚÑEZ PEREZ,19 VALLE DE MÉXICO CENTRO,General
9JV19,FERNANDO OCAMPO SOLANO,19 VALLE DE MÉXICO CENTRO,General
9ETGT,CARLOS ALBERTO VÁZQUEZ CASTRO,19 VALLE DE MÉXICO CENTRO,General
9ACMC,GUILLERMO ALONSO GASTELUM HERNÁNDEZ,19 VALLE DE MÉXICO CENTRO,General
9ACLX,DANIEL GONZALEZ GARCÍA,19 VALLE DE MÉXICO CENTRO,General
9AVA8,MIGUEL CASQUERA ÁLVAREZ,19 VALLE DE MÉXICO CENTRO,General
9EB15,IVONNE ESCOBAR GÓMEZ,19 VALLE DE MÉXICO CENTRO,General
9EVF8,JOSE RAMON MONTAÑO GÓMEZ,19 VALLE DE MÉXICO CENTRO,General
9L36W,WUENDI ROXANA VIDAL ZÚÑIGA,19 VALLE DE MÉXICO CENTRO,General
9ACNA,MIGUEL ALEJANDRO ÁLVAREZ SANCHEZ,20 VALLE DE MÉXICO SUR,General
9K66K,FERNANDO MACIAS VÁZQUEZ,20 VALLE DE MÉXICO SUR,General
9MJL5,MARIO ALBERTO JIMÉNEZ NÚÑEZ,20 VALLE DE MÉXICO SUR,General
9B8MR,HÉCTOR GÓMEZ LOPEZ,20 VALLE DE MÉXICO SUR,General
9K68M,MAYRA GUADALUPE HERRERA DUARTE,20 VALLE DE MÉXICO SUR,General
9MKCC,SANDRA XÓCHITL GONZALEZ SANCHEZ,20 VALLE DE MÉXICO SUR,General
9L5JK,JONATHAN ALEJANDRO SOLÍS RODRÍGUEZ,20 VALLE DE MÉXICO SUR,General
9K886,JAVIER ADRIÁN RAMÍREZ LOPEZ,20 VALLE DE MÉXICO SUR,General
9L5HX,MARTHA PATRICIA SAUCEDO GARDUÑO,20 VALLE DE MÉXICO SUR,General
9K69D,MANFREDO GIRÓN FONG,20 VALLE DE MÉXICO SUR,General
9K817,HUMBERTO GARCÍA AGUIRRE,20 VALLE DE MÉXICO SUR,General
9K82A,LUIS FERNANDO VÁZQUEZ PASTRANA,20 VALLE DE MÉXICO SUR,General
9K92L,FERNANDO RUELAS GARCÍA,20 VALLE DE MÉXICO SUR,General
9K646,OSCAR ALEXIS MARTIN DEL CAMPO ISAAC,20 VALLE DE MÉXICO SUR,General
9K711,FERNANDO GARCÍA GARCÍA,20 VALLE DE MÉXICO SUR,General
9MJHM,JUAN CARLOS SERNA GÓMEZ,20 VALLE DE MÉXICO SUR,General
9MJHP,RAMON EMMANUEL ÁLVAREZ RÍOS,20 VALLE DE MÉXICO SUR,General
9MKF7,ARTURO LÓPEZ ORTEGA,20 VALLE DE MÉXICO SUR,General
9MK3M,LUIS ANTONIO RANGEL CABAÑAS,20 VALLE DE MÉXICO SUR,General
9L5CA,JOSE MARTIN TORRES BOLAÑOS ,20 VALLE DE MÉXICO SUR,General
9EY5J,FAUSTO SOLÍS MARÍN,20 VALLE DE MÉXICO SUR,General
9K798,CHRISTIAN ALEJANDRO MELÉNDEZ LONA,20 VALLE DE MÉXICO SUR,General
9K790,JAMITH VÁSQUEZ CHIÑAS,20 VALLE DE MÉXICO SUR,General
9K75G,JOSÉ PEDRO MIMILA OLGUÍN,20 VALLE DE MÉXICO SUR,General
9JUXD,FRANCISCO DE JESÚS FLORES IÑIGUEZ,20 VALLE DE MÉXICO SUR,General
9JUY7,LEONEL AZUZ LEÓN,20 VALLE DE MÉXICO SUR,General
9MLT6,PEDRO JOSÉ ÁLVAREZ PONTIGO,20 VALLE DE MÉXICO SUR,General
9669,ALFREDO MOLINA COTARELO,20 VALLE DE MÉXICO SUR,General
84967,JOSE ARMANDO VITE GONZALEZ,21 CORPORATIVO Y DESCONCENTRADAS,General
84855,ALEJANDRO SANCHEZ MARTÍNEZ,21 CORPORATIVO Y DESCONCENTRADAS,General
83947,BEATRIZ ESQUIVEL LUJANO,21 CORPORATIVO Y DESCONCENTRADAS,General
84563,CONSUELO HERNÁNDEZ NÚÑEZ,21 CORPORATIVO Y DESCONCENTRADAS,General
83799,DAVID VILLALOBOS LOPEZ,21 CORPORATIVO Y DESCONCENTRADAS,General
85755,MARIA GUADALUPOE RAMIREZ MEJIA,21 CORPORATIVO Y DESCONCENTRADAS,General
89683,RODRIGO SAUL HUITRON TORRES,21 CORPORATIVO Y DESCONCENTRADAS,General
88209,MIGUEL ÁNGEL RAMÍREZ ESQUIVEL,21 CORPORATIVO Y DESCONCENTRADAS,General
83609,ERICK ROBERTO ÁLVAREZ GARCÍA,21 CORPORATIVO Y DESCONCENTRADAS,General
89848,JONATHAN UROZA SAMANO,21 CORPORATIVO Y DESCONCENTRADAS,General
87012,DANIEL DOMÍNGUEZ PIZANO,21 CORPORATIVO Y DESCONCENTRADAS,General
83503,ARTURO VÁZQUEZ HERNÁNDEZ,21 CORPORATIVO Y DESCONCENTRADAS,General
86978,ADRIÁN NUNO AMAYA,21 CORPORATIVO Y DESCONCENTRADAS,General
85194,ARTURO DAVILA ARENAS,21 CORPORATIVO Y DESCONCENTRADAS,General
85643,ISRAEL VARGAS RODRÍGUEZ,21 CORPORATIVO Y DESCONCENTRADAS,General
87051,JAIME RAÚL BROWN LOPEZ,21 CORPORATIVO Y DESCONCENTRADAS,General
87912,NURY ELENA HERNÁNDEZ LOPEZ,21 CORPORATIVO Y DESCONCENTRADAS,General
85974,MARIO ALBERTO FLORES JUAREZ,21 CORPORATIVO Y DESCONCENTRADAS,General
88079,GEOVANNY BARRAGÁN RAMÍREZ,21 CORPORATIVO Y DESCONCENTRADAS,General
88522,RAMONA BEATRIZ CHÁVEZ MENDIOLA,21 CORPORATIVO Y DESCONCENTRADAS,General
1B073,EDGAR CAMPOS CAJERO,21 CORPORATIVO Y DESCONCENTRADAS,General
82361,JORGE ALBERTO ROLDAN,21 CORPORATIVO Y DESCONCENTRADAS,General
88075,GUSTAVO SERDÁN GUERRERO,21 CORPORATIVO Y DESCONCENTRADAS,General
11905,EFRÉN FUENTES OCHOA*,21 CORPORATIVO Y DESCONCENTRADAS,General
84585,CUAUHTÉMOC ESPINOSA ACEVES,21 CORPORATIVO Y DESCONCENTRADAS,General
13585,JORGE ALCALÁ DOMÍNGUEZ,21 CORPORATIVO Y DESCONCENTRADAS,General
83944,EMMANUEL HERNÁNDEZ RAMÍREZ,21 CORPORATIVO Y DESCONCENTRADAS,General
4078,ORLANDO BELLO SOTELO,21 CORPORATIVO Y DESCONCENTRADAS,General
9AJEE,LUIS MIGUEL GONZALEZ BAQUEIRO,21 CORPORATIVO Y DESCONCENTRADAS,General
9AJCL,HÉCTOR ARTURO SALGADO FIGUEROA,21 CORPORATIVO Y DESCONCENTRADAS,General
89327,JUAN ANDRES PATLAN VALENZUELA,21 CORPORATIVO Y DESCONCENTRADAS,General
84888,ULISES RUIZ MARÍN,21 CORPORATIVO Y DESCONCENTRADAS,General
85787,JUAN MANUEL MEJÍA PONCE,21 CORPORATIVO Y DESCONCENTRADAS,General
86334,VÍCTOR MIGUEL LEDESMA DE LUCIO,21 CORPORATIVO Y DESCONCENTRADAS,General
86258,JONATHAN MARTÍNEZ FERRER,21 CORPORATIVO Y DESCONCENTRADAS,General
86174,HOMERO GARZA ESCOBAR,21 CORPORATIVO Y DESCONCENTRADAS,General
86269,LENIN ARTURO MADRIGAL LOPEZ,21 CORPORATIVO Y DESCONCENTRADAS,General
1577,VÍCTOR FUENTES DEL VILLAR,CEN,General
31301,MARIO ERNESTO GONZÁLEZ NÚÑEZ,CEN,General
87469,HUMBERTO FUENTES LERÍN,CEN,General
37097,NEREO VARGAS VELÁZQUEZ,CEN,General
75627,CARLOS ORTEGA CALATAYUD,CEN,General
91561,JOSÉ TOBÓN MARTÍNEZ,CEN,General
95716,MARÍA DEL CARMEN ORTEGA ZÚÑIGA,CEN,General
80217,VÍCTOR MANUEL GARCÍA TRUJEQUE ,CEN,General
66609,SERVANDO DÍAZ SUAREZ,CEN,General
2855,LUIS DÍAZ VARGAS ,CEN,General
46621,JOSE LUIS SANTILLANA RAMIREZ,CEN,General
